map_param,generation_time_sec
5,6.592416763305664
10,0.7752213478088379
15,1.7324559688568115
20,5.56877326965332
